{
  "model_performance": {
    "auc": 0.9906448040264155,
    "f1": 0.981651376146789
  },
  "latency": {
    "Method": "FastSHAP",
    "Mean (ms)": 0.20972847938537598,
    "P50 (ms)": 0.16391277313232422,
    "P95 (ms)": 0.4405736923217773,
    "P99 (ms)": 0.8599662780761717,
    "Min (ms)": 0.14162063598632812,
    "Max (ms)": 1.5311241149902344,
    "Throughput (TPS)": 4768.069662883029
  },
  "fidelity": {
    "pearson_r": 0.14834751893949338,
    "spearman_r": 0.08253670370697858,
    "pearson_per_instance": 0.7357978659929366,
    "top5_rank_overlap": 0.0092,
    "mse": 0.3538416527946758,
    "mae": 0.0046120026812409174
  },
  "targets_met": {
    "p95_under_50ms": "True",
    "p99_under_100ms": "True",
    "auc_over_0.98": "True",
    "f1_over_0.95": true
  }
}