{
  "dataset": "ULB Credit Card Fraud",
  "n_total": 284807,
  "n_used": 71201,
  "fraud_rate": 0.001727485630620034,
  "model": {
    "auc": 0.9893817666489523,
    "f1": 0.7894736842105263,
    "precision": 0.75,
    "recall": 0.8333333333333334
  },
  "latency": {
    "p95_ms": 0.42808055877685447,
    "p99_ms": 0.8628201484680171,
    "throughput_tps": 4026.6735789099776
  },
  "targets_met": {
    "p95_under_50ms": true,
    "p99_under_100ms": true
  }
}