method,n_samples,mean_ms,std_ms,min_ms,p50_ms,p95_ms,p99_ms,max_ms,throughput_tps
TreeSHAP (exact),50,4.965572357177734,0.3361992642165778,4.070520401000977,5.014657974243164,5.44668436050415,5.509288311004639,5.545854568481445,201.38665355555642
FastSHAP,100,0.5219554901123047,0.07321732565996342,0.42724609375,0.5075931549072266,0.6155490875244141,0.8417487144470218,0.9019374847412109,1915.8721748186586
KernelSHAP (nsamples=100),10,46.11465930938721,6.3494989091352245,32.61375427246094,47.33777046203613,52.622997760772705,52.6596474647522,52.66880989074707,21.68507834549778
LIME (n_samples=1000),5,66.06245040893555,1.5150030689075145,63.99273872375488,65.56010246276855,68.0595874786377,68.21930885314941,68.25923919677734,15.137192063113979
