{
  "fraud": {
    "n_samples": 75,
    "fidelity": 0.877613365650177,
    "per_sample_fidelity_mean": 0.9273521900177002,
    "per_sample_fidelity_std": 0.08479437232017517,
    "top_features": [
      [
        "V14",
        4.388177871704102
      ],
      [
        "V4",
        1.5747950077056885
      ],
      [
        "V10",
        1.4313790798187256
      ],
      [
        "V17",
        1.277334451675415
      ],
      [
        "V12",
        1.0195131301879883
      ]
    ]
  },
  "legitimate": {
    "n_samples": 100,
    "fidelity": 0.9533711075782776,
    "per_sample_fidelity_mean": 0.9495131969451904,
    "per_sample_fidelity_std": 0.03689049184322357,
    "top_features": [
      [
        "V4",
        1.5601001977920532
      ],
      [
        "V14",
        1.2352254390716553
      ],
      [
        "V12",
        0.6755669116973877
      ],
      [
        "V10",
        0.4803832173347473
      ],
      [
        "Amount",
        0.3967851400375366
      ]
    ]
  },
  "high_value_fraud": {
    "n_samples": 18,
    "fidelity": 0.8875567317008972,
    "per_sample_fidelity_mean": 0.8891312479972839,
    "per_sample_fidelity_std": 0.13721974194049835,
    "top_features": [
      [
        "V14",
        3.8410677909851074
      ],
      [
        "V17",
        1.7704298496246338
      ],
      [
        "V10",
        1.2214703559875488
      ],
      [
        "V4",
        1.1315202713012695
      ],
      [
        "V12",
        1.0673878192901611
      ]
    ]
  }
}