{
  "fastshap_latency": {
    "mean": {
      "mean": 0.5465998649597168,
      "std": 0.044065007719992694,
      "min": 0.5050373077392578,
      "max": 0.6628608703613281,
      "ci_95_lower": 0.5150776573747905,
      "ci_95_upper": 0.5781220725446431,
      "n_samples": 10
    },
    "p95": {
      "mean": 0.7315349578857421,
      "std": 0.04288114116353605,
      "min": 0.6843805313110348,
      "max": 0.8171081542968749,
      "ci_95_lower": 0.7008596374177457,
      "ci_95_upper": 0.7622102783537384,
      "n_samples": 10
    },
    "p99": {
      "mean": 1.034141778945922,
      "std": 0.7474108301027419,
      "min": 0.7215023040771484,
      "max": 3.1562209129333407,
      "ci_95_lower": 0.4994762800214477,
      "ci_95_upper": 1.568807277870396,
      "n_samples": 10
    }
  },
  "fastshap_fidelity": {
    "mean": 0.9499256014823914,
    "std": 6.282881059860301e-08,
    "min": 0.9499256610870361,
    "max": 0.9499256610870361,
    "ci_95_lower": 0.9499255565373693,
    "ci_95_upper": 0.9499256464274134,
    "n_samples": 10
  },
  "treeshap_latency": {
    "mean": {
      "mean": 5.391887426376343,
      "std": 0.4673952906990181,
      "min": 5.1596879959106445,
      "max": 6.715977191925049,
      "ci_95_lower": 5.057532977348372,
      "ci_95_upper": 5.726241875404313,
      "n_samples": 10
    },
    "p95": {
      "mean": 6.01271390914917,
      "std": 0.9020509302607902,
      "min": 5.4987311363220215,
      "max": 8.532989025115969,
      "ci_95_lower": 5.367425546633907,
      "ci_95_upper": 6.658002271664433,
      "n_samples": 10
    }
  },
  "stability_scores": {
    "mean": 0.9839721918106079,
    "std": 0.00020946486620232463,
    "min": 0.9835891723632812,
    "max": 0.9842256307601929,
    "ci_95_lower": 0.9838223496684536,
    "ci_95_upper": 0.9841220339527622,
    "n_samples": 10
  }
}