{
  "fastshap_latency": {
    "mean": {
      "mean": 0.5287151336669922,
      "std": 0.041527428517922516,
      "min": 0.5107784271240234,
      "max": 0.6466484069824219,
      "ci_95_lower": 0.4990082008887592,
      "ci_95_upper": 0.5584220664452252,
      "n_samples": 10
    },
    "p95": {
      "mean": 0.6517159938812255,
      "std": 0.0353605299370951,
      "min": 0.5878329277038574,
      "max": 0.6973743438720702,
      "ci_95_lower": 0.626420594591317,
      "ci_95_upper": 0.6770113931711339,
      "n_samples": 10
    },
    "p99": {
      "mean": 0.9915549755096424,
      "std": 0.8469938332777707,
      "min": 0.6638860702514648,
      "max": 3.3986568450927632,
      "ci_95_lower": 0.3856520875448526,
      "ci_95_upper": 1.5974578634744323,
      "n_samples": 10
    }
  },
  "fastshap_fidelity": {
    "mean": 0.9499256014823914,
    "std": 6.282881059860301e-08,
    "min": 0.9499256610870361,
    "max": 0.9499256610870361,
    "ci_95_lower": 0.9499255565373693,
    "ci_95_upper": 0.9499256464274134,
    "n_samples": 10
  },
  "treeshap_latency": {
    "mean": {
      "mean": 5.0474631786346436,
      "std": 0.04933947268920939,
      "min": 4.987215995788574,
      "max": 5.134463310241699,
      "ci_95_lower": 5.012167846108595,
      "ci_95_upper": 5.0827585111606925,
      "n_samples": 10
    },
    "p95": {
      "mean": 5.390379428863525,
      "std": 0.12822128609120048,
      "min": 5.241668224334717,
      "max": 5.648791790008545,
      "ci_95_lower": 5.298655446363479,
      "ci_95_upper": 5.482103411363572,
      "n_samples": 10
    }
  },
  "stability_scores": {
    "mean": 0.9839721918106079,
    "std": 0.00020946486620232463,
    "min": 0.9835891723632812,
    "max": 0.9842256307601929,
    "ci_95_lower": 0.9838223496684536,
    "ci_95_upper": 0.9841220339527622,
    "n_samples": 10
  }
}